feature,gain,split,gain_pct
region_clearance_l4w,28988.01633834839,434,27.01
bedrooms,16529.103759288788,285,15.4
price_expectation_gap,8329.188542842865,593,7.76
distance_to_station_km,6661.28966999054,535,6.21
rba_cash_rate_change_3m,6640.187093734741,173,6.19
expected_log_value,4856.321578979492,222,4.52
suburb,4489.552249908447,164,4.18
rba_cash_rate,3380.5701956748962,207,3.15
suburb_clearance_l4w,3118.3358483314514,227,2.91
agency,3065.996037006378,307,2.86
distance_to_cbd_km,3031.7035388946533,210,2.82
building_area_sqm,1959.3099918365479,156,1.83
auctions_scheduled_that_day,1823.5377430915833,190,1.7
suburb_median_price_l90d,1754.557816028595,174,1.63
guide_vs_suburb_median,1532.0432529449463,163,1.43
council_area,1439.1708974838257,103,1.34
land_size_sqm,1329.4673137664795,128,1.24
week_of_year,1233.8982009887695,121,1.15
property_type,1141.8528370857239,30,1.06
guide_price_midpoint,1055.3476705551147,100,0.98
property_age_years,1012.8671598434448,118,0.94
max_temp_c,1003.4892492294312,114,0.93
rainfall_mm,902.113630771637,81,0.84
region_name,619.0778803825378,57,0.58
season,364.13337993621826,25,0.34
stations_within_1km,277.3912196159363,28,0.26
auctions_in_suburb_that_day,260.6295385360718,31,0.24
bathrooms,240.33463144302368,20,0.22
month,192.69258975982666,21,0.18
car_spaces,104.00747013092041,13,0.1
school_holiday_flag,6.378960132598877,1,0.01
